{"appName":"Tic Tac Toe ","appIconPath":"20251123_225939.jpg","splashPath":"Screenshot_20251123-231541_Gallery.jpg","packageName":"com.emon.tictactoe","versionName":"1.0.0","versionCode":1,"isFullscreen":true,"isHideTitleBar":true,"titleBarBackgroundColor":"#3F51B5","isAllowLongClick":false,"isShowLoadingUI":false,"isAllowZoom":false,"isPCMode":false,"isAllowAutoplay":false,"homePage":"index.html","withPHPEnv":false,"PHPPort":57249,"isAllowSwipeRefresh":false,"isAllowCamera":false,"isAllowMicrophone":false,"screenRotationMethod":0}